{"prelosses": 9.63392448425293, "_timestamp": 1698787205.1162488, "_runtime": 2.211134910583496, "_step": 1, "_wandb": {"runtime": 5}}