{"prelosses": 9.356111526489258, "_timestamp": 1698885562.8549106, "_runtime": 90.58541464805603, "_step": 1684, "loss": 0.0977339893579483, "loss_logged": 0.0977339893579483, "reconstruction_loss_logged": 0.09569508582353592, "l1_loss_logged": 0.0020389065612107515, "reconstruction_l1_logged": 5.663629531860352, "avg_num_firing_logged": 6.923583984375, "did_fire_logged": {"_type": "histogram", "values": [15512, 0, 0, 0, 0, 0, 0, 0, 2, 23, 14, 7, 2, 5, 10, 708, 67, 3, 7, 4, 10, 2, 2, 0, 1, 1, 1, 0, 0, 2, 0, 1], "bins": [0.0, 2.0625, 4.125, 6.1875, 8.25, 10.3125, 12.375, 14.4375, 16.5, 18.5625, 20.625, 22.6875, 24.75, 26.8125, 28.875, 30.9375, 33.0, 35.0625, 37.125, 39.1875, 41.25, 43.3125, 45.375, 47.4375, 49.5, 51.5625, 53.625, 55.6875, 57.75, 59.8125, 61.875, 63.9375, 66.0]}, "W_dec_norms_mean": 0.9999995231628418, "W_dec_norms_std": 2.5446979634580202e-06, "W_dec_norms_min": 0.9999838471412659, "W_dec_norms_max": 1.0000555515289307, "step_idx": 1683, "test_loss": 0.09820058941841125, "test_loss_logged": 0.09820058941841125, "test_reconstruction_loss_logged": 0.09619615226984024, "test_l1_loss_logged": 0.002004438079893589, "test_reconstruction_l1_logged": 5.567883491516113, "test_avg_num_firing_logged": 7.254464626312256, "test_did_fire_logged": {"_type": "histogram", "values": [15202, 129, 149, 0, 0, 0, 0, 0, 0, 0, 2, 26, 17, 13, 18, 11, 11, 781, 10, 9, 0, 0, 0, 0, 0, 0, 0, 0, 2, 1, 0, 3], "bins": [0.0, 6.125, 12.25, 18.375, 24.5, 30.625, 36.75, 42.875, 49.0, 55.125, 61.25, 67.375, 73.5, 79.625, 85.75, 91.875, 98.0, 104.125, 110.25, 116.375, 122.5, 128.625, 134.75, 140.875, 147.0, 153.125, 159.25, 165.375, 171.5, 177.625, 183.75, 189.875, 196.0]}, "test_loss_with_sae": 9.24819564819336, "loss_recovered": 0.021586996599739946, "frequency_histogram": {"_type": "plotly-file", "sha256": "f6be05a323ee0f16b3bc9119643e055962445028179857b34c1c7fc877d15ff8", "size": 348445, "path": "media/plotly/frequency_histogram_501_f6be05a323ee0f16b3bc.plotly.json"}, "num_neurons_resampled": 0, "_wandb": {"runtime": 90}}