{"prelosses": 9.356111526489258, "_timestamp": 1698960207.9482212, "_runtime": 152.11704015731812, "_step": 2, "loss": 0.38119053840637207, "loss_logged": 0.38119053840637207, "reconstruction_loss_logged": 0.1978980451822281, "l1_loss_logged": 0.18329250812530518, "reconstruction_l1_logged": 509.1458435058594, "avg_num_firing_logged": 8220.8984375, "did_fire_logged": {"_type": "histogram", "values": [15, 50, 108, 159, 240, 321, 426, 494, 567, 691, 789, 794, 844, 882, 896, 924, 900, 891, 851, 799, 778, 756, 675, 604, 523, 474, 381, 237, 166, 97, 34, 18], "bins": [176.0, 293.125, 410.25, 527.375, 644.5, 761.625, 878.75, 995.875, 1113.0, 1230.125, 1347.25, 1464.375, 1581.5, 1698.625, 1815.75, 1932.875, 2050.0, 2167.125, 2284.25, 2401.375, 2518.5, 2635.625, 2752.75, 2869.875, 2987.0, 3104.125, 3221.25, 3338.375, 3455.5, 3572.625, 3689.75, 3806.875, 3924.0]}, "W_dec_norms_mean": 0.9999983310699463, "W_dec_norms_std": 3.7982747016940266e-05, "W_dec_norms_min": 0.9998480081558228, "W_dec_norms_max": 1.0001401901245117, "step_idx": 1}