{"prelosses": 9.63392448425293, "_timestamp": 1698871925.612368, "_runtime": 17.465216159820557, "_step": 1}