{"prelosses": 9.380937576293945, "_timestamp": 1698872671.9289715, "_runtime": 337.34148144721985, "_step": 523, "loss": 0.14065463840961456, "loss_logged": 0.14065463840961456, "reconstruction_loss_logged": 0.014283292926847935, "l1_loss_logged": 0.1263713389635086, "reconstruction_l1_logged": 351.031494140625, "avg_num_firing_logged": 136.61474609375, "did_fire_logged": {"_type": "histogram", "values": [14557, 609, 183, 155, 152, 136, 97, 91, 97, 63, 42, 37, 20, 25, 25, 18, 14, 13, 14, 10, 5, 9, 7, 0, 2, 0, 0, 1, 0, 1, 0, 1], "bins": [0.0, 50.375, 100.75, 151.125, 201.5, 251.875, 302.25, 352.625, 403.0, 453.375, 503.75, 554.125, 604.5, 654.875, 705.25, 755.625, 806.0, 856.375, 906.75, 957.125, 1007.5, 1057.875, 1108.25, 1158.625, 1209.0, 1259.375, 1309.75, 1360.125, 1410.5, 1460.875, 1511.25, 1561.625, 1612.0]}, "W_dec_norms_mean": 1.6963865756988525, "W_dec_norms_std": 0.3583066761493683, "W_dec_norms_min": 0.7551429271697998, "W_dec_norms_max": 3.567997455596924, "step_idx": 1, "test_loss": 0.08028098940849304, "test_loss_logged": 0.08028098940849304, "test_reconstruction_loss_logged": 0.04629766568541527, "test_l1_loss_logged": 0.03398332744836807, "test_reconstruction_l1_logged": 94.39813232421875, "test_avg_num_firing_logged": 271.68267822265625, "test_did_fire_logged": {"_type": "histogram", "values": [15307, 257, 150, 104, 85, 55, 27, 27, 27, 28, 18, 30, 33, 21, 21, 26, 23, 19, 22, 12, 14, 7, 9, 5, 7, 10, 4, 8, 8, 6, 7, 7], "bins": [0.0, 83.125, 166.25, 249.375, 332.5, 415.625, 498.75, 581.875, 665.0, 748.125, 831.25, 914.375, 997.5, 1080.625, 1163.75, 1246.875, 1330.0, 1413.125, 1496.25, 1579.375, 1662.5, 1745.625, 1828.75, 1911.875, 1995.0, 2078.125, 2161.25, 2244.375, 2327.5, 2410.625, 2493.75, 2576.875, 2660.0]}, "test_loss_with_sae": 5.997511386871338, "loss_recovered": 0.7178422912333963, "frequency_histogram": {"_type": "plotly-file", "sha256": "dfcf998754db2e1d975e13f0cf58831cc034ece4ab850edac60f46137ea79b6c", "size": 340556, "path": "media/plotly/frequency_histogram_501_dfcf998754db2e1d975e.plotly.json"}, "num_neurons_resampled": 3674}